"구분","항목","단위","2013.01 월","2013.02 월","2013.03 월","2013.04 월","2013.05 월","2013.06 월","2013.07 월","2013.08 월","2013.09 월","2013.10 월","2013.11 월","2013.12 월","2014.01 월","2014.02 월","2014.03 월","2014.04 월","2014.05 월","2014.06 월","2014.07 월","2014.08 월","2014.09 월","2014.10 월","2014.11 월","2014.12 월","2015.01 월","2015.02 월","2015.03 월","2015.04 월","2015.05 월","2015.06 월","2015.07 월","2015.08 월","2015.09 월","2015.10 월","2015.11 월","2015.12 월","2016.01 월","2016.02 월","2016.03 월","2016.04 월","2016.05 월","2016.06 월","2016.07 월","2016.08 월","2016.09 월","2016.10 월","2016.11 월","2016.12 월","2017.01 월","2017.02 월","2017.03 월","2017.04 월","2017.05 월","2017.06 월","2017.07 월","2017.08 월","2017.09 월","2017.10 월","2017.11 월","2017.12 월","2018.01 월","2018.02 월","2018.03 월","2018.04 월","2018.05 월","2018.06 월","2018.07 월","2018.08 월","2018.09 월","2018.10 월","2018.11 월","2018.12 월","2019.01 월","2019.02 월","2019.03 월","2019.04 월","2019.05 월","2019.06 월","2019.07 월","2019.08 월","2019.09 월","2019.10 월","2019.11 월","2019.12 월","2020.01 월","2020.02 월","2020.03 월","2020.04 월","2020.05 월","2020.06 월","2020.07 월","2020.08 월","2020.09 월","2020.10 월","2020.11 월","2020.12 월","2021.01 월","2021.02 월","2021.03 월","2021.04 월","2021.05 월","2021.06 월","2021.07 월","2021.08 월","2021.09 월","2021.10 월","2021.11 월","2021.12 월","2022.01 월","2022.02 월","2022.03 월","2022.04 월","2022.05 월","2022.06 월","2022.07 월","2022.08 월","2022.09 월","2022.10 월","2022.11 월","2022.12 월","2023.01 월","2023.02 월",
"대흥동","Fe","",".7799",".8106",".4938",".4019",".4176",".4383",".2231",".2452",".2625",".2154",".5319",".3253",".7718",".2967",".5926",".7264","1.2031",".4319",".5981",".5041",".7588",".6386",".9295",".6796","","","","","","","","","","","","","","","","","","","","","","","","","","","","","","","","","","","","","","","","","","","","","","","","","","","","","","","","","","","","","","","","","","","","","","","","","","","","","","","","","","","","","","","","","","","","","","","","","","",
"성수동","Fe","",".9559",".229","1.3814","1.4607","1.491",".9302",".5515",".5538",".7157",".4792","1.4594",".6795","1.075",".6117","1.022","1.3673","2.3232",".8254","1.5053",".7005","1.1499",".7158","1.34",".7899","","","","","","","","","","","","","","","","","","","","","","","","","","","","","","","","","","","","","","","","","","","","","","","","","","","","","","","","","","","","","","","","","","","","","","","","","","","","","","","","","","","","","","","","","","","","","","","","","","",
"마포구","Fe","","","","","","","","","","","","","","","","","","","","","","","","","",".8185",".835",".662","1.0659",".9243",".8222",".4233",".6909",".4504",".8605",".2839",".5782",".6529",".7838","1.0504","1.0135",".8148",".8237",".4457",".4881",".8444","1.1439",".7194",".5987",".6445",".4618",".7341","1.144","1.7902",".5701",".4972","",".6141",".6437","1.1353",".6884",".659",".6463",".5003","1.2234",".5253",".3575",".3875",".3048",".3185",".5058",".8146",".6469",".8635",".5428",".5632",".5617",".9858",".4696",".1991","",".2673",".7715",".8109",".6962",".3653",".7818",".486",".934",".8987",".7302",".4038",".3357",".2754",".3858","1.055",".7198","1.0996",".4592","1.073",".8129","1.0102",".8036",".5865",".3629",".3934",".4048",".2984",".6942",".4831",".4991",".8483",".3101",".5647",".2746",".2651",".2873",".3918",".4743",".8667",".6045",".82604",".45888",
"광진구","Fe","","","","","","","","","","","","","","","","","","","","","","","","","","","","","","","","","","","","","","","","","","","","","","","","","","","","","","","","","","","","","","","","","","","","","","","","","","","","","","","",".2148",".5118",".2865",".8393",".6985",".7748",".3409",".8887",".418",".8964",".839",".8412",".3658",".3519",".324",".5705","1.1332",".8512","1.3621",".6263","1.0742",".8701",".8822",".7254",".5924",".3393",".376",".3988",".2211",".6302",".5108",".6066",".9418",".3864",".6322",".2716",".2982",".2896",".3427",".4441",".7878",".6253",".8904",".52994",
"성동구","Fe","","","","","","","","","","","","","","","","","","","","","","","","","",".8679",".9354",".823","1.1244",".9496",".7996",".3509",".5562",".4831",".8335",".2654",".5257",".6353",".8693",".9401","1.0568",".6229",".8064",".3746",".5747",".7737","1.0578",".8528",".5112",".4007",".4311",".7227","1.0064","1.8302",".5095",".4753",".4603",".4786",".698","1.2617",".8147",".5015",".9317",".489","1.1402",".5717",".3555",".3697",".3131",".3362",".5752",".8179",".7986","1.1122",".77",".7594",".7452","1.3436",".527","","","","","","","","","","","","","","","","","","","","","","","","","","","","","","","","","","","","","","","","","","","","",
"구로구","Fe","",".715",".491",".5594",".5863",".5347",".4353",".3328",".2423",".3072",".2734",".6413",".3323","1.072",".405",".6015",".7658","1.2569",".4367",".6266",".5089",".7604",".6842",".9039",".7041",".7647",".7933",".7617","1.1586",".9436",".8777",".5336",".7644",".5159",".9813",".3526",".7487",".6037",".9106","1.0019",".955",".8677",".7841",".364",".5095",".8519","1.1916",".6906",".5892",".6329",".4199",".7408","1.2116","1.6263",".5581",".4433",".3381",".5386",".6496","1.2353",".7232",".581",".6202",".4134","1.182",".5496",".3277",".3377",".3191",".4255",".543",".8855",".6621","1.075",".6401",".5863",".5348","1.0277",".4875",".2324",".3752",".2917",".8763",".9223",".6478",".4377",".8969",".3544",".7386",".9397",".837",".3862",".2979",".4042",".6281","1.2155",".7382","1.1572",".5158","1.2191",".7405","1.0826",".7441",".5266",".4148",".4206",".5095",".3301",".8756",".5",".5888",".9321",".3607",".6342",".3461",".2683",".2687",".4543",".5681",".9883",".6917",".92924",".6454",
"송파구","Fe","","","","","","","","","","","","","","","","","","","","","","","","","",".8758",".9401",".857","1.1005",".9656","",".3456",".5745",".4914",".9613",".3146",".7406",".7583","1.02",".9597","1.0899",".6305",".8155",".3338",".5217",".7289","1.1082",".6697",".5982",".4445",".4866",".7648",".8944","1.6554",".4783",".4046",".2735",".4979",".733","1.3028",".8545",".4416","1.0126",".4093","1.0939",".5429",".3266",".2954",".2719",".2953",".6073","1.3393",".9224","1.2358",".8672",".8282",".7351","1.3468",".6163",".3276",".3112",".2786",".9393",".7999",".7224","0.5699*",".7448",".4383","1.0549",".8728",".8391",".4936",".2737",".3053",".6386","1.3982",".8499","1.0197",".6081","1.1784",".8936","1.0571",".7275",".5715",".4097",".4067",".5848",".3707",".9349",".6576",".7015","1.07",".4221",".748",".3623",".2914",".2945",".4564",".6417",".8868",".821","1.06232",".65424",
"방이동","Fe","",".8893",".2602","1.4247","1.3932","1.4278",".6034",".7993",".5256",".7596",".6282","1.6897",".741","1.2946",".6274","1.4389","2.0703","2.7365",".9823","1.1916",".7589","1.0491",".7286",".9571",".8344","","","","","",".8205","","","","","","","","","","","","","","","","","","","","","","","","","","","","","","","","","","","","","","","","","","","","","","","","","","","","","","","","","","","","","","","","","","","","","","","","","","","","","","","","","","","","","","","","","","","","",
"양재동","Fe","",".8035",".5316",".4448",".3843",".3556",".2399",".1025",".1865",".3462",".2797",".4222",".4007",".8119",".561",".6613",".8505","1.1735",".3982",".5537",".4254",".8974",".6113",".9588",".6709",".8363",".7824",".8068","1.2949",".9354",".8434",".5925",".7637",".6062","1.0412",".4842",".939",".8353",".8872",".9326","1.0746",".8089",".8232",".5591",".6388",".964","1.6346",".6886",".783",".4807",".4639",".8368","1.1148","1.6554",".5966",".3662",".3313",".7428",".9514","1.1116",".7976",".4499",".9622",".5926","1.3808",".6406",".3587",".3745",".4208",".446",".6553","1.2594",".9775","1.3906",".832",".7553",".7142","1.3212",".5243",".2885",".3746",".2986",".8021",".7992",".7588",".5218",".9187",".4386",".9976",".8933",".7563",".4264",".3393",".3972",".6467","1.2617",".9251","1.1275",".5272","1.2693",".7663",".8404",".7365",".5448",".4657",".4083",".5302",".2769","1.0667",".6641",".7505",".9953",".3942",".6666",".3756",".2733",".2678",".4274",".4699","1.0167",".8266","1.09982",".69934",
"학장동","Fe","","5.3669","2.5748","2.8543","4.1784","2.6146","1.349","1.6602","1.6968",".3391","1.5582","2.1997","2.2102","1.8066",".6907","1.3081","1.8164","2.6427",".8605",".4028","1.1736",".7155","1.1783","2.2902","2.2566","2.6236","3.1534","3.0475",".8071","1.6498","1.4671",".8491","1.4477",".9398","2.068","1.2747","1.5934","2.3566",".6801","2.1605","1.4611","1.5513","1.2844","1.2174","1.4501","1.4629","1.2876","1.6224","3.1802","2.7226","1.8716","2.273","1.8139","1.8993","1.2553","1.2767",".5542",".7241","1.2423","2.6311","1.2392","1.3747","1.2329","1.1784","1.638",".7203",".4375","1.369",".5797",".7726","1.5534","1.4386","1.553","2.6855","2.0671","1.5029",".7277","1.37",".3991","1.0494",".6404",".4504","1.2335","1.37","2.524","1.0797","1.6756","1.5066","1.3169","1.4145",".8028",".9412",".8388",".767","1.586","1.4605","1.8629","2.3632","1.2169","1.1148","1.1201",".7512","1.3332",".9815",".6132",".78",".8767","1.6206","1.8359","1.8166","1.7329","2.4039","1.0352",".8877",".6101","1.1147","1.5225",".4496","1.0614","2.1041","2.2988","2.12556",".9604",
"덕천동","Fe","","","","","","","","",".496",".165",".3345",".5057",".2161",".3618",".0454",".3144",".6735",".7628",".3032",".2327",".2582",".2268",".1877",".4924",".4665",".3667","1.084",".5341",".2186",".6107",".4509",".1804",".2843",".2521",".3322",".1171",".2511",".2694",".3296",".6349",".4144",".5244",".3638",".3068",".3519",".3224",".3645",".2232",".6265",".2811",".3116",".3532",".671",".5748",".3903",".5285",".1169",".1639",".2333",".5463",".3397",".2148",".5885",".4134",".6735",".3344",".1021","","",".2287",".3402","","","","","",".1687",".6032",".1332",".4668",".1549",".1779",".6418",".6032",".4583",".3136",".3451",".3092",".3936",".497",".3032",".1616",".158",".2247",".3485",".3144",".4436",".6759",".4517",".3242",".3271",".2989",".3858",".1821",".1039",".1682",".2095",".2856",".3785",".4179",".3884",".743",".3119",".393",".1563",".2456",".2581",".094",".188",".6556",".5822",".56824",".21798",
"전포동","Fe","","1.1035",".7547",".7781",".7829",".6273",".3617",".4038",".3999",".17",".3797",".4787",".304",".4727",".081",".3272",".7216",".903",".4141",".365",".1946",".2581",".312",".4318",".4318",".6845",".6033",".5841",".262",".6778",".5661",".2149",".5109",".3482",".5274",".2659",".4971",".4486",".4076",".8487",".4554",".5781",".4093",".3719",".4381",".5605",".4636",".4352",".8914",".3274",".4373",".4809",".7762",".6793",".4471",".5496",".1552",".2472",".3578",".616",".5112",".3388",".6194",".4487",".8301",".2695",".1799",".5079",".2237",".2458",".3321",".4525",".4664",".8877",".5146",".5724",".3189",".6711","","","","","","","","","","","","","","","","","","","","","","","","","","","","","","","","","","","","","","","","","","","","","",
"연산동","Fe","",".9921",".6179",".7828",".7011",".5491",".367",".3692",".5402",".2292",".4426",".4478",".2496",".3866",".081",".303",".6431",".8862",".3201",".2989",".198",".3307",".3422",".6344",".4877",".5468","1.1803",".5939",".304",".6702",".4991",".2137",".382",".2975",".5082",".1806",".4217",".3434",".4009",".8243",".4116",".5212",".3234",".3226",".3554",".4116",".5002",".338",".7024",".2669",".3445",".4017",".6976",".6299",".3929",".5036",".1476",".259",".315",".6722",".4213","","","",".8189",".601","",".3989",".1847",".2424",".367",".4154",".4605",".8596",".5251",".5836",".2908",".645",".1827",".6045",".2095",".1974",".4161",".645",".6613",".3406",".5561",".4148",".526",".5472",".3561",".2664",".1876",".2966",".5056",".5532",".733",".8554",".5231",".3998",".4103",".28",".4403",".2408",".1342",".1835",".3163",".3714",".5118",".4806",".4661",".7376",".34",".39",".1866",".2911",".2773",".1573",".2688",".9543",".646","1.0488",".27648",
"부곡동","Fe","","","","","","","","","","","","","","","","","","","","","","","","","","","","","","","","","","","","","","","","","","","","","","","","","","","","","","","","","","","","","","","","","","","","","","","","","","","","","","","","","","","",".6711",".4556",".2632",".3838",".3316",".4124",".5596",".2636",".2068",".1904",".2346",".3838",".3909",".408",".5905",".4286",".3084",".324",".2639",".3933",".1679",".0925",".131",".2208",".2539",".3495",".2968",".3635",".556",".23",".3074",".138",".1942",".2011",".1124",".1755",".6052",".5126",".59572",".21844",
"광안동","Fe","","","","","","","","",".2713",".1427",".2386",".3054",".1527",".2656",".0149",".1645",".4534",".6239",".2135",".1766",".108",".2031",".1345",".4277",".3087",".2059",".3464",".4081",".1809",".4747",".329",".1108",".2945",".1879",".3485",".0879",".1633",".2238",".2876",".6057",".3659",".4685",".218",".2507",".3119",".3209",".2978",".2402",".5353",".2093",".2555",".2687",".6137","","",".4649",".1224",".1795",".2615",".524",".365",".2841",".6022",".332",".6991",".3019",".1397",".2857",".1234",".1762",".3121",".3313",".4027",".7276",".4206",".457",".2555",".7089",".2496",".3675",".213",".1201",".2331",".7089",".4136",".2534",".3797",".289",".4129",".5622",".2661",".2213",".1562",".1895",".3861",".4585",".4714",".6295",".3999",".2552",".3073",".2768",".3886",".1807",".0821",".1018",".2098",".2707",".3725",".3596",".3973",".6502",".2465",".3164",".1357",".2274",".2092",".1223",".1728",".6738",".4714",".44234",".22772",
"수창동","Fe","",".4756",".4196","1.6193",".8251",".9597",".7986",".3705",".4988",".4676",".3557",".6857",".3649",".625",".2335",".4982",".7784",".8117",".3645",".4609",".4234",".3286",".4611",".7714",".5039",".6824",".5358",".2766",".4744","1.1716",".7069",".5954",".5146",".4478",".8051",".3439",".7966",".4138",".4028",".8423",".9844",".7562",".5008",".3802",".4346",".3565",".4231",".614",".8863",".3685",".4073",".3888",".5125",".6629",".3672",".3541",".3545",".5543",".4131",".9152",".5767",".8797",".6738",".4492",".8279",".5668",".5909",".328",".3428",".3741",".4697",".5995",".5379",".6535",".6214",".4948",".6465",".8901",".7807",".2955",".3083",".3607",".4298",".6471",".9927",".4237",".4474",".5286",".4964",".5771",".6726",".3937",".2295",".4552",".6139",".6179",".6575",".8949",".5463",".4813",".404",".8027",".7166",".2866",".3118",".374",".3307",".3952",".7799",".4276",".4324",".6686","-","-","-","-",".1751",".2462","-",".9781",".8586",".9941",".57206",
"이현동","Fe","",".527",".506","1.6086",".6974",".7512",".7983",".286",".4377",".4073",".4308",".7461",".4047",".6558",".2524",".5176",".8771",".5833",".402",".4812",".4995",".3965",".5606",".8282",".5195","1.0707",".6261",".4146",".4131","1.0923",".7937",".5222",".4215",".3832",".795",".3478",".7178",".4563",".531",".731",".9025",".6791",".5262",".3429",".4153",".5296",".3483",".6008",".9372",".4477",".4027",".3607",".5291",".6416",".3863",".3575",".3192",".5696",".4213",".8744",".5472",".7876",".5022",".5986",".7934",".5351",".6124",".3542",".3049",".4242",".5323",".711",".4768",".7312",".5521",".6343",".6075",".7885",".5372",".2243",".2712",".3079",".4421",".7685",".8864",".3665",".3437",".4946",".5686",".2831",".6761",".4011",".2657",".4558",".4054",".4321",".6125",".9807",".3678",".5031",".4997",".7168","-",".2295",".1602",".26",".1943",".3073",".8263",".3129",".2962",".3991",".487",".4262",".2876",".2479",".2384",".2577",".3494",".8638",".6492",".7493",".47898",
"대명동","Fe","",".4599",".4339","1.5084",".7274",".6273",".651",".1946",".3496",".2786",".2769",".55",".3294",".52",".1846",".4533",".7321",".5109",".3445",".3939",".382",".3155",".3352",".8411",".5791",".636",".6195",".5208",".3339",".9459",".6782",".4489",".3248",".2824",".6451",".2636",".6435",".4061",".428",".7132",".8331",".6321",".4745",".2839",".3534",".4374",".2815",".5003",".8224",".3427",".365",".3893",".4795",".5817",".3049",".2704",".2223",".435",".3245",".8969",".5119",".7398",".4775",".5479",".737",".5339",".6134",".3397",".3069",".3399",".471",".6632",".4857",".7182",".557",".6181",".6531",".801",".543",".2207",".2472",".257",".4548",".7351",".8876",".3229",".3455",".4834",".5973",".286",".6119",".3479",".2086",".3684",".3281",".3732",".5773","1.0077",".3372",".4732",".393",".6914",".5916",".2154",".1774",".2643",".2644",".3198",".5804",".2722",".29",".3364",".4706",".3512",".2451",".2413",".1357",".1805",".2779",".6696",".5205",".69654",".42094",
"지산동","Fe","",".5128",".4559","1.3101",".6147",".6544",".7058",".1575",".2659",".3151",".2702",".4263",".279",".4274",".1272",".4227",".7512",".4514",".3671",".3679",".2911",".3988",".3238",".6477",".4667",".5585",".4839",".5086",".318",".7792",".632",".4067",".3092",".2603",".5448",".2474",".5323",".3987",".3788",".7083",".6786",".5118",".4133",".2802",".3055",".3424",".2277",".4236",".59",".3431",".3483",".3353",".3881",".4753",".284",".2342",".2077",".3746",".3141",".7669",".4865",".639",".6001","",".5282",".4594",".5775",".2857",".3171",".3033",".4033",".5063",".4937",".6885",".5602",".6422",".5696",".7309",".4912",".202",".218",".2786",".3569",".616",".7088",".3523",".3342",".389",".5298",".2598",".5404",".3139",".1849",".319",".2762",".3624",".5204",".8958",".3369",".3678",".3354",".6359",".4226",".1695",".1795",".234",".2975",".3473",".634",".2777",".2728",".3358",".4186",".3667",".2237",".2331",".1398",".1925",".2191",".5529",".4528",".58322",".34352",
"달성산단","Fe","","","","","","","","","","","","","","","","","","","","","","","","","","","","","","","","","","","","","","","","","","","","","","","","","","","","","","","","","","","","","","","","","","","","","","","","","","","","","","","","","","","","","","","","","","","","","","","","","","","","","","","","","","","","","","","","","","","","","","","","",".547",".7114",".6002",
"신흥","Fe","",".7428",".4777",".7083",".5132",".5959",".7498",".2033",".3374",".5502",".9096",".7901",".3584",".7168",".5006",".484",".4228",".6281",".4363",".3992",".2574",".434",".5151",".3944",".4671",".5136","1.0167","1.2871",".765",".5152",".527",".424",".2836",".2369",".4657",".373",".5544",".6427",".4374","1.0486",".6185",".7086",".4728",".362",".396",".4882",".8846",".5716",".4473",".375",".51",".458",".9899",".9252",".3751",".3043",".3244",".6105",".3485",".6879",".6906",".4324",".4673",".4728",".817",".5439",".3417",".2275",".2015",".3",".3992",".9306",".6071",".5741",".5334",".4072",".4038",".5521",".2168",".4543",".2238",".2306",".7324",".5215",".618",".5813",".7266",".6796",".6905","1.1298",".8202",".4792",".1933",".3278",".7893",".8254",".6394","1.0796",".4853",".8516",".3733",".9475",".5975",".2647",".5703",".1465",".2297",".1305",".6669",".3137",".4336",".4324",".3074",".4941",".2749",".1943",".1571",".3395",".3685",".4825",".2938",".86854",".53668",
"구월동","Fe","",".5912",".3162",".8109",".4912",".5711",".7035",".2037",".3371",".5749",".5823",".7068",".2914",".6448",".3077",".4251",".5844",".6529",".5294",".5107",".2939",".5062",".5592",".4765",".3511",".3142",".4119",".6796",".777",".5729",".561",".6037",".3144",".306",".359",".2895",".4202",".5067",".3348","1.0117",".6137",".6304",".5404",".7651",".4998",".5639",".8358",".4338",".3887",".4144",".5149",".6099","1.0552",".8808",".4494",".3705",".2857",".5629",".3489",".7725",".6266",".4421",".4494",".4623",".7296",".5572",".5653",".1932",".262",".2796",".4343",".7427",".4932",".7302",".5486",".4892",".343",".7503",".3597",".2108",".2194",".1418",".5437",".6535",".7207",".5773",".7093",".7831","1.1458","1.5499","1.058",".451",".2304",".3072",".7855",".912",".5905",".9289",".4714","0.8918*",".6378",".7124",".6153",".2852",".265",".1997",".2032",".1213",".6034",".2002",".2648","0.4416*",".2386",".4192",".2568",".2002",".164",".3178",".2725",".4106",".27",".83166",".4273",
"부평","Fe","",".7565",".3079",".9786",".6105",".7457",".781",".1685",".3162",".653",".6798",".8251",".2894",".563",".2658",".3799",".5603","","","","","",".4273",".3912",".3287",".4367",".3908","1.0151",".6138",".5948",".4429",".4256",".2627",".4483",".3844",".3128",".6437",".4826",".4445","1.107",".8362",".5789",".6218",".4846",".4933",".572",".787",".4556",".3446",".3855",".4903",".5445","1.0983","1.0294",".4739",".4332",".3182",".5486",".3254",".7843",".5714",".4465",".5004",".468",".8581",".7135",".5797",".2281",".2806",".3159",".4299",".6936",".6327",".6593",".4452",".4573",".4059",".6799",".3953",".2607",".2431",".1511",".5864",".6598",".6225",".5194",".6861",".7389","1.1695","1.3118","1.0004",".5767",".2012",".3113",".7373",".9354",".5792",".8666",".4831",".8516",".2355",".816",".7321",".4452",".3045",".218",".1865",".0962",".6305",".407",".4427",".611",".3091",".5165",".3189",".2989",".1808",".289",".2902",".3998",".374",".9239",".29154",
"연희","Fe","",".7206",".2704",".9622",".5815",".6727",".677",".2606",".166",".5534",".7131",".8443",".295",".5985",".2668",".373",".4594",".6407",".4083",".4344",".2521",".485",".4446",".4142",".3356",".4099",".3998",".4929",".4984",".5489",".6086",".4703",".2336",".2382",".4459",".2556",".3537",".5299",".5125","1.1203",".7787",".5832",".4823",".4828",".3935",".3951",".6114",".4307",".4139",".4195",".5102",".4386",".9033",".8918",".5352",".3668",".2446",".384",".2657",".5808",".6565",".3612",".4383",".3893",".6119",".4385",".3798",".2198",".1647",".2532",".3727",".5343",".5562",".6097",".4361",".5297",".4095",".5759",".4167",".1852",".1622",".1195",".3291",".4392",".5448",".4738",".5217",".5388","1.2521","1.1766",".8204",".3161",".2084",".2168",".5841",".526",".529",".8051",".3971",".5272",".7345",".8396",".5654",".2374",".1455",".0882",".1211",".143",".4411",".352",".2736",".5358",".2023",".3864",".1876",".1291",".1187",".1927",".1916",".2985",".2884",".63486",".19994",
"고잔","Fe","",".9708",".3265","1.0535",".5124",".6138",".776",".4487",".5408",".69",".9281",".9912",".4513",".9936",".5327",".5788",".5463",".754",".5159",".4964",".2938",".6879",".8284",".5554",".5752",".6893",".5289",".6434",".7171",".6666",".713",".6065",".3219",".5098",".7201",".4929",".5298",".6946",".7684","1.1032",".768",".6167",".5502",".6136",".5535",".5999","1.0396",".7394",".5789",".5286",".4966",".5828","1.1215","1.0398",".7492",".4774",".447",".9415",".394",".9364",".7094",".5341",".6501",".5612",".9811",".6556",".4324",".4157",".2816",".4173",".6285",".9733",".6669",".8029",".5955",".4496",".4525","1.0079",".4027",".3718",".2257",".2427",".5419",".8976",".9569",".8066",".9501",".8744","1.4959","1.4252",".9418",".4609",".3197",".3821",".8863","1.1994",".7128","1.065",".5746","1.0338",".7156",".8077",".7649",".3049",".3654",".2814",".2027",".2329",".6361",".281",".4171",".5956",".3098",".3972",".2624",".2404",".2387",".3741",".388",".5435",".3799","1.19352",".5954",
"농성동","Fe","","","","1.6152",".607",".2655",".3782",".0317",".2905",".1677",".1017",".1528",".1783",".4287",".2236",".382",".6227",".3454",".3274",".3431",".1478",".3928",".288",".5187",".2985",".4042",".5872",".4713",".5101",".5313",".4757",".2497",".2023",".1996",".5453",".1649",".429",".2212",".2304",".3998",".3349",".0802",".2008",".1069",".1616",".263",".176",".3889",".64",".2672",".3143",".5281",".4661",".9075",".3623",".1255",".2705",".1928",".1814",".6469",".423",".1572",".2442",".2245",".8244",".4095",".4557",".1756",".5781",".3685",".3449",".4105",".2635",".3566",".9412",".665",".4143",".6315",".3849",".1189",".1578",".1339",".2761",".4401",".5583",".1888",".1959",".3249",".2911",".1791",".3978",".1406",".0637",".1545",".2116",".4914",".4908",".8426",".4735",".7931",".5209",".4019",".4163",".259",".2433",".2408",".1885",".1552",".5555",".4337",".2342",".396",".2622",".4807",".236",".178",".0967",".2425",".3674",".598",".5041",".8295",".52422",
"두암동","Fe","","","","","","","","","",".1235",".0712","",".1184",".332",".1806",".4194",".5595",".2732",".3044",".2671",".1054",".2758",".2123",".3553",".2495",".4154",".4922",".4361",".4696",".4793",".4432",".145",".0922",".1927",".4387",".0909",".2438",".1698",".1734",".3378",".2581",".0907",".1823",".0949",".1435",".3051",".1666",".3605",".5774",".2666",".3337",".4375",".3619",".7352",".2482",".1055",".2054","","",".3993",".2752",".0911",".1652",".179",".5586",".259",".3032",".1421",".2726","",".2936",".2936",".3015",".2638",".7304",".5529",".3049",".4758",".2598",".0923",".1667",".1287",".2223",".4144",".3712",".1563",".1604",".3139",".3216",".2017",".3433","",".0872",".1728",".1895",".4191",".3591",".7019",".3496",".4288",".3595",".4419",".3517",".2219",".2646",".2142",".2158",".0993",".406",".2802",".3201",".675",".3592",".3897",".1591",".1334",".0715",".1021",".1582",".4446",".4149",".6409",".40166",
"건국동","Fe","","","","1.1515",".5822",".2805",".3086",".0884",".2916",".1242",".0954",".1492",".1222",".4113",".226",".3909",".5238",".3146",".2847",".3264",".1475",".3101",".3106",".448",".2824",".4051",".478",".4667",".5073",".4709",".4841",".1969",".1438",".2285",".5655",".1764",".3149",".2171",".1641",".3859",".3049",".1176",".199",".1482",".1821",".3076",".1689",".3407",".4282",".2627",".3331",".4646",".3646",".8157",".2739",".1714",".2325",".1888",".1662",".4831",".3175",".1464",".2908",".2037",".6669",".263",".2763",".2224",".7884",".3782",".378",".3392",".2933",".2803",".7388",".511",".2562",".3929",".2545",".1214",".137",".1271",".2497",".3571",".3896",".1496",".1611",".3098",".2983",".1776",".3397",".1053","","",".2702",".4063",".3551",".8371",".3284",".4881",".3572",".4404",".4009",".243","-","-",".3058",".178",".5018",".3897",".4588",".9059",".6705",".5073",".2545",".2024",".104",".1932","-",".435",".3832",".60038",".37372",
"노대동","Fe","","","","","","","","","","","","","","","","","","","","","","","","","","","","","","","","","","","","","","","","","","","","","","","","","","","","","","","","","","","","","","","","","","","","","","","","","","","","","","","","","","","","","",".2884",".396",".2958",".3542",".2379",".2964",".0851",".0665",".1059",".1856",".4023",".3048",".5215",".3037",".323",".2558",".4802",".3808",".1196",".1912",".2582",".1909",".0718",".4125",".1968",".3454",".4953",".1773",".3684",".1525",".1094",".0384",".1776",".185",".3859",".3349",".51968",".37878",
"평동","Fe","","","","","","","","","","","","","","","","","","","","","","","","","","","","","","","","","","","","","","","","","","","","","","","","","","","","","","","","","","","","","","","","","","","","","","","","","","","","","","","","","","","","","",".3079",".6807",".8024",".6459",".4159",".5716",".2083","","","","1.4762","1.0601","1.7581",".682",".7908",".5414",".8099",".8029",".3392",".4236",".4409",".4881",".4005","1.6555",".7651","1.0068","1.101",".412",".7526",".3855",".3563",".2864",".6449",".846","1.6009","1.4555","1.9856","1.4038",
"서동","Fe","","","","","","","","","",".1203",".0866",".1795",".0386",".3485",".194",".4141",".4911",".3447",".3304",".3142",".1133",".3514",".2797",".434",".3184",".4676",".4786",".4506",".5321",".5184",".472",".2012",".1071",".197",".5161",".1263",".2988",".1831",".1855",".3658",".326",".117",".1745",".1076",".1743",".2804",".158",".3419",".5691",".2093",".3317",".3973",".34",".7816",".2665",".0958",".1948",".1545",".118",".3953",".2482",".0973",".1587",".1482",".6733",".2088",".2583",".2352",".3961",".3216",".2928",".2916",".2599",".2818",".7965",".5603",".32",".4689",".254",".0941",".1117",".112",".248",".399",".4464",".1657",".1788",".3254",".3423",".1661",".3225",".1078",".0836",".1397",".2332",".4984",".4132",".6045",".4034",".4257",".3941",".4087",".3784",".1469",".2022",".1487",".2898",".1067",".3981",".3234",".3294",".6601",".2354",".3248",".1537",".118",".075",".1571",".2491",".4789",".4215",".68106",".3964",
"읍내동","Fe","","","","","","","","","","","1.5554","2.1911","1.5413","1.7009","1.2772","3.3761","1.9287","1.0953",".5721",".9329",".1254",".8676","1.241","2.8684","1.6673","1.9506","2.3631","2.0615","1.2547","2.0316","1.1235",".3993",".4962",".515","1.8811","1.0837","3.7259","1.5366","1.6252","1.9957","1.11","1.2358","1.1628",".8085","1.0417","1.2798",".49","1.3939",".7937","1.1364","1.3123","1.3103",".7599","1.4077",".9211",".5238",".2261",".7085",".5903","1.0038",".6702",".7051","1.2967",".5316","1.4465","1.0267",".5659",".4276",".3843",".6519",".5628","1.4972",".5274",".8348",".932","1.2809",".9142","1.1639",".8433",".3223",".2589",".2531",".8282","1.0372","1.6965","1.4578","1.2805","1.1977","1.3143","1.9325",".8505",".5775",".2815",".4869",".6057","1.9213","1.9213","1.5935",".9222",".9222","1.0792",".7973",".7003",".344",".3636",".3494",".2933",".5906","1.5872","1.6814","1.1342","1.7578",".507",".5806",".2921",".3371",".2538",".3637",".705","1.1967","1.3724","1.47522","1.23196",
"문창동","Fe","","","","","","","","","","",".4081",".579",".4445",".5571",".7665",".7455",".791",".5523",".3167",".3542",".1014",".3169",".3888",".6285",".6224",".5961",".6096",".7263",".7414",".9004",".666",".1894",".2454",".2894",".6596",".3676",".8736",".7847",".5401","1.0464",".505",".7964",".5405",".3128",".5489",".6599",".3263",".6604",".3998",".5112",".65",".4782",".5082",".7669",".3597",".193",".1315",".3552",".339",".5549",".382",".3984",".4338",".3474","1.0161",".4336",".4526",".1272",".2076",".106",".1946",".5087",".3947",".5458",".43",".5886",".4433",".6391",".352",".1702",".1929",".0943",".3909",".45",".4398",".2309",".3722",".469",".6245","1.0807",".4589",".2129",".1094",".184",".312",".7153",".7153",".8755",".404",".404",".552",".4745",".4665",".1432",".2281",".1207",".1239",".1282",".6084",".5791",".5266",".7625",".2311",".4678",".1784",".1325",".067",".2186",".2699",".4066","0.4675*",".51708",".4205",
"구성동","Fe","","","","","","","","","","",".4253",".5844",".2847",".4861",".6176",".5949",".8319",".4295",".2846",".4066",".0784",".3059",".4505",".6436",".4792",".7001",".399",".5914",".6836",".7867",".6003",".2579",".28",".3744",".6926",".3364",".9147",".5461",".606",".8516",".6375",".7534",".4383",".3187",".4498",".6045",".2932",".5595",".297",".3964",".4965",".4639",".4998",".6861",".4215",".2176",".1763",".3506",".2465",".5251",".2809",".3521",".3542",".3204",".95",".4167",".3712",".126",".2248",".211",".1945",".4971",".3119",".514",".6619",".5781",".443",".6847",".3661",".2154",".2341",".0832",".324",".3519",".4999",".1923",".3772",".4382",".6161","1.0036",".4157",".1787",".0998",".1956",".2837",".5935",".454",".8552",".4422",".4899",".5585",".4814",".4761",".1358",".2103",".1224",".1271",".1157",".5611",".5044",".441",".7455",".2899",".3835",".2189",".1303",".0741",".1855",".2909",".3812",".3616",".6001",".3573",
"정림동","Fe","","","","","","","","","","",".3939",".5895",".3693",".5287",".8641",".7541",".7076",".4751",".3066",".3539",".0835",".2425",".4009",".5426",".4457",".5585",".519",".5831",".5864",".7896",".5287",".1574",".1945",".2601",".621",".3345",".7485",".6076",".4909",".9487",".6442",".7423",".4388",".2778",".3943",".5544",".2576",".6017",".2945",".413",".4767",".4612",".4466",".6933",".3651",".2856",".1264",".3282",".2891",".4905",".3157",".4101",".3515",".3119",".9647",".4009",".376",".1294",".195",".1205",".1667",".4615",".3677",".5254",".735",".638",".3885",".5932",".3089",".1517",".1354",".084",".3213",".3483",".4635",".2132",".3044",".4301",".5649",".9398",".3925",".1671",".0853",".1911",".2835",".5574",".5574",".7358",".3303",".3303",".4439",".3297",".3469",".1197",".1704",".0913",".121",".1234",".4951",".5523",".6872",".7714",".2476",".3612",".1643",".1228",".0618",".1722",".2921",".3631",".3913",".43562",".30556",
"여천동","Fe","",".9865","1.2271","1.4342","1.2336","1.0153","1.1611",".9451","1.0288",".981","1.7865",".252",".984","1.2934","1.9774","1.4501","2.9765",".9138","3.198","1.6302",".734","3.8136","1.8843","2.5304","1.0177","1.3295","1.4869",".8833","1.1215","1.5613","1.1066",".7709","1.2582","1.4597","1.0592",".6825","1.1057","1.3309",".7556","1.1473","1.5609","1.3623","1.1231",".6661",".8827",".893",".6826",".5691",".7167",".6709","1.0007","1.1243","1.1567","1.6121","1.0504","1.1572",".4388","","1.1385","1.1111",".6033",".6989",".6086",".3367",".9624",".8988",".3159","1.0178",".1667",".1765",".7474",".5116",".3287",".639",".6421",".6558",".5391","1.0873",".3284",".2923",".2985",".2423",".3399",".9141",".8424",".4258",".5952",".6726",".8559","1.3505",".6475",".4998",".3895",".8204",".6879",".7749",".6659","1.2467",".4835",".5234",".4311",".5548",".6571",".5422",".2598",".2446",".2954",".43",".4536",".5142","1.2863","1.4241",".717","1.1892",".2483",".4172",".5869",".4689",".449","1.0326",".7873",".85206",".72054",
"야음동","Fe","",".5423",".5645","1.0282",".5579",".3805",".5096",".2769",".3704",".2908",".3145",".625",".5481",".6929",".5669",".5025","1.3599",".8853",".6066",".7783",".2989",".5412",".391","1.0052",".4725",".7135",".7191",".4839",".2635",".7045",".6975",".1923",".2283",".3574",".3331",".1907",".2393",".4573",".3626",".77",".8573",".5142",".3953",".3238",".3458",".5388",".5683",".5465",".5831",".4133",".4801",".5409",".7138",".7676",".3088",".4012",".1001",".3226",".2531",".7478",".365",".5337",".1642",".098",".6141",".5795",".2303",".3696",".2147",".1416",".474",".3764",".3287",".602",".6017",".5421",".3697",".8947",".2896",".1896",".3104",".2586",".2477",".7113",".7244",".4521",".4542",".5603",".6704","1.4727",".7074",".3866",".186",".4489","","",".6118","1.2794",".4719",".4808",".4388",".4911",".5927",".3863",".1646",".272",".1639",".2041",".3606",".3368",".4255",".8053",".237",".6035",".2088",".2769",".2573","-",".2088",".6219",".4823",".36994",".24792",
"신정동","Fe","",".4079",".4217",".9735",".6087",".5586",".4433",".2279",".4092",".3671",".3198",".3045",".5531",".7062","1.3126",".5927","1.4935",".5614",".7068",".5273",".3574",".7782",".2681",".7905",".512",".5996",".8679",".5593",".2415",".8654",".9705",".187",".2501",".3325",".3306",".1421",".2464",".2959",".3167",".6336",".7371",".4468",".4138",".2795",".3799",".5266",".4933",".405",".4441",".3278",".3651",".5509",".7477",".8023",".3574",".4622",".1764",".2811",".2769",".8477",".3703",".3684","",".2016",".8533",".6905",".173",".5581",".1501",".162",".4808",".3662",".3129",".5553",".5416",".5642",".3352",".8809",".2893",".1884",".4657",".3742",".2156",".689",".6644",".3053",".4732",".5748",".7292","1.4638",".8168",".4614",".2674",".6695",".6586",".6821",".6104","1.1455",".4463",".4378",".3645",".4486",".4226",".3169",".1732",".2468",".1787",".2458",".3417",".3752",".4577",".8273",".2259",".6253",".2163",".2946",".2731",".2082",".2359",".7032",".6713",".57082","-",
"효문동","Fe","","","","","","","","","","","","","","","","","","","","","","","","","","","","","","","","","","","","","","","","","","","","","","","","","","","","","","","","","","","","","","","","","","","","","","","","","","","","","","","","","","","","","","","","","","","","","","","","","","","","","","","","","","","","","","","","","","","",".4356",".539",".28",".4174","1.3098",".9918",".90718",".70126",
"덕신리","Fe","",".6088",".3744","1.3756",".534",".7569",".9279",".245",".3767",".4316",".3101",".3354",".4797",".9945","1.0606",".7823","1.6374",".9487",".7428",".7875",".243",".9387",".658","1.0869",".7319",".8522","1.325",".7093",".3918",".7705",".8526",".3614",".2898",".4028","1.012",".2762",".6481",".8138",".7814",".8437",".991",".5572",".5263",".3393",".3643",".5801",".6078",".5998",".6981",".4382",".5177",".6341",".7403","",".4189",".4712",".1428",".3414",".2771",".81",".6964",".5406",".2934",".1431",".4164",".4209",".2165",".6182",".2357",".118",".3955",".3083",".3145",".6263",".6517",".9472",".4496",".9377",".3957",".2988",".3579",".3117",".3929",".9162",".8233",".3295",".7066",".551",".8048","1.4516",".595",".6426",".2142",".506",".6704",".5916",".6296","1.2166",".459",".4529",".4635",".6478",".6367",".3348",".1855",".4427",".1844",".2169",".4134",".3172",".474",".7506",".2205",".5112",".2513",".3342",".2334",".3242",".2559",".669",".5807",".4947",".36012",
"전하동","Fe","","","","","","","","","","","","","","","","","","","","","","","","","","","","","","","","","","","","","","","","","","","","","","","","","","","","","","","","","","","","","","","","","","","","","","","","","","","","","","","","","","","","","","","",".5552",".8044",".8297",".6643",".2022",".1111",".1829",".2608",".4513",".3604",".7821",".5591",".7828",".5547","1.039",".8633",".732",".4276",".2044",".3371",".3221",".417",".301",".4412",".9179",".3044",".6159",".3831",".54",".4384",".5926",".4985",".6697",".5063",".61296",".48946",
"온산산단","Fe","","","","","","","","","","","","","","","","","","","","","","","","","","","","","","","","","","","","","","","","","","","","","","","","","","","","","","","","","","","","","","","","","","","","","","","","","","","","","","","","","","","","","","","","","","","","","","","","","","","","","","","","","","","","","","","","","","","",".455",".4327","1.3634",".8735","1.2876","1.2399",".7911","1.09512",
"아름동","Fe","","","","","","","","","","","","","","","","","","","","","","","","","","","","","","","","","","","","","","","","","","","","","","","","","","","","","","","","","","","","","","","","","","","","","","","","","","","","","","","","","","","","","","","1.1343","1.5957","2.3899","3.3123","1.5381",".9553",".2436","1.0421","1.1504",".9415",".6851","1.7367",".3369",".5131",".6487",".5606",".5508",".1606",".2548",".3235",".1949",".5005",".4328",".5951",".6502",".7444",".4436",".5305",".3105",".1386",".1091",".2089",".2864",".5092",".3911",".63144",".58274",
"신풍동","Fe","","",".5952","1.5302",".6816",".8354",".6516",".2162",".4982",".1855",".2745",".4401",".6292",".8159",".3959",".675",".9783",".6889",".4903",".6526",".2971",".5846","","","","","","","","","","","","","","","","","","","","","","","","","","","","",".7433",".6238","1.3824","2.0567",".621",".5523",".2231",".6183",".5765","1.0102","1.0346",".7479","1.1677",".6528",".8867",".5496",".3694",".3718",".303",".2223",".5737",".7023",".6242","1.0036",".8282",".807",".7834",".8091",".3127",".4935",".1833",".1223",".4574",".3886",".544",".647",".694",".7685",".699",".395",".614",".2522",".2613",".3861",".7903",".911",".4211","1.2371",".532",".9229",".754",".6366","-",".2848",".3186",".3314",".3736",".2234",".6646",".5875",".6441",".9369",".3404",".5119",".2946",".1663",".1477",".3948",".3977",".8049",".5176","1.074042",".60663",
"상대원1동","Fe","","",".7022","1.6056",".7193",".9384",".6069",".2629",".6962",".2158",".4272",".5886",".906",".8061",".577",".9333","1.2847",".5868",".5051",".7672",".4072",".6124","","","","","","","","","","","","","","","","","","","","","","","","","","","","","","","","","","","","","","","","","","","","","","","","","","","","","","","","","","","","","","","","","","","","","","","","","","","","","","","","","","","","","","","","","","","","","","","","","","","","","",
"의정부1동","Fe","","","","","","","","","","","","","","","","","","","","","","",".5793","1.1317",".4745",".7584",".819",".8895",".8281","1.1012",".6926",".2723",".4865",".4097",".7392",".5172",".873",".8289",".6299","1.3372","1.0251",".7131",".5931",".4019",".3952",".6075",".838",".4818",".2854",".5702",".6704",".6347","1.2008","2.2329",".6252",".4704",".1842",".5481",".6265",".9775","1.0603",".8514","1.0545",".6952",".8776",".5433",".2284",".5148",".3841",".2797",".5423",".6778",".6193","1.0432",".8023",".8729",".9001",".8382",".3087",".4557",".1688",".1316",".503",".4171",".6581",".6418",".7622",".5451",".8724",".3581",".6083",".2303",".2658",".4267",".8",".9229",".5705","1.4772",".5611",".8889",".6664",".6957",".7558",".4251",".3523",".2271",".5079",".2727",".8714",".5879",".6187",".9628",".3805",".5312",".2191",".1598",".2429",".36",".4275",".7836",".6133","1.059728",".61999",
"원시동","Fe","","",".9064","1.8233",".8542",".9278",".7326",".2545",".944",".2713",".7702","","",".9605",".7001",".9678","1.2458",".8293",".6409",".8026",".4763",".6162",".92","1.5699",".8234","1.0616","1.1285","1.099","1.0907","1.2588",".7184",".5879","","1.1413","1.2962","1.011","1.398","1.2545",".7445","1.9522","1.2786","1.1652",".8429",".7156",".8154",".896","1.5354",".228",".1596","1.125","1.1609","1.0609","1.5911","2.2903",".8026",".7209",".2691",".9833","1.0456","1.1941","1.3776",".9955","1.3123",".7398","1.0205",".6599",".4588",".518","",".3746",".8122",".8988",".7869","1.3048",".9368",".9906",".9208",".8682",".3445",".6601",".3125",".1339",".5674",".5307",".8051",".8746",".8167",".8397",".7287",".5504",".6984",".3734","","","1.0735","1.3028",".9099","1.4509",".6608","1.0658",".9499",".7445","1.0708",".3477",".4382",".3508",".5792",".382","1.3354",".8048",".8796","1.2222",".4401",".6052",".3842",".344",".337",".5194",".5855","1.1867",".808","1.435004","1.14655",
"평택항","Fe","","","","","","","","","","","","","","","","","","","","","","",".9085","1.4639",".603","1.0123",".9158","1.0289","1.1118","1.1988",".8071",".5306",".8731",".6018",".9534",".7062","1.2364","1.0091",".9824","1.5482","1.4187","1.1232",".8836",".6185",".69",".7753","1.431",".4241",".2627",".9702",".9615",".8829","1.8551","2.1313",".7301",".6277",".3747",".8236",".9273","1.2586","1.1385",".8132","1.156",".6852","1.7771",".7556",".6792",".6392",".5944",".4777","1.126","1.0758",".912","1.5055",".8776",".8872","1.2722",".8939",".3627",".2057",".2798",".1241",".6923",".6399",".653",".7353","1.0348",".7911",".7376",".543",".7611",".4069",".3652",".4939","1.1496",".9913",".5181","1.4445",".6826","1.1778",".9836",".9545",".7938","-",".4696",".2516",".6545",".4023","1.2219",".6422",".6791",".7486",".4867",".7102",".3491",".3139",".3413",".4751",".5724","1.1102",".6449","1.63163",".95041",
"고천동","Fe","","",".6778","1.7267",".705",".7546",".4365",".3507",".7925",".1004",".3669",".6137",".9388",".8599",".4892","1.0284","1.126",".6377",".4959",".7185",".3972",".6704",".6361","1.1876",".6319",".8305","2.5248","2.0613",".9696","1.0353",".7886",".3594",".7167",".6669",".9964",".6548",".9747",".8285",".6365","1.598","1.0897",".9393",".6982",".5804",".6289",".7768","1.1647",".493",".3242",".7357","","","","","","","","","","","","","","","","","","","","","","","","","","","","","","","","","","","","","","","","","","","","","","","","","","","","","","","","","","","","","","","","","","","","","","","","","",
"안성","Fe","","","","","","","","","","","","","","","","","","","","","","","","","","","","","","","","","","","","","","","","","","","","","","","","","","","","","","","","","","","","","","","","","","","","","","","","","","","","","","","","","","","","","",".5862",".5509",".6337",".6942",".3243",".5014",".1039",".2059",".3762",".6585",".8551",".4239","1.197",".4131",".7424",".8103",".4848",".6194",".2148",".3164",".2954",".3753",".2453",".6491",".586",".4969",".8095",".3823",".5408",".2649",".1736",".1463",".2721",".2733",".7771",".4832",".887508",".59557",
"가산면","Fe","","","","","","","","","","","","","","","","","","","","","","","","","","","","","","","","","","","","","","","","","","","","","","","","","","","","","","","","","","","","","","","","","","","","","","","","","","","","","","","","","","","","","",".6325",".5981",".5659",".7931",".3095",".5207",".2039",".139",".3833",".835",".8368",".3637","1.2857",".4363",".7787",".5741",".5936",".6412",".3097",".2366",".1234",".3604",".2643",".7654",".5632",".5832",".871",".3003",".365",".1749",".1551",".2002",".2712",".3894",".6666",".5147",".842522",".48581",
"가평읍","Fe","","","","","","","","","","","","","","","","","","","","","","","","","","","","","","","","","","","","","","","","","","","","","","","","","","","","","","","","","","","","","","","","","","","","","","","","","","","","","","","","","","","","","",".3433",".3498",".4313",".3927",".1956",".3777",".0923","",".1943",".4084",".4625",".2592","1.0474",".3326",".5272",".4051",".3629",".4513","-",".1226",".2168",".2153",".1825",".2122",".3743",".3899",".6551",".279",".2279",".1025",".0863",".1071",".1317",".1293",".424",".3279",".53533",".33193",
"중앙로","Fe","","","","","","","","","","","","","","","","","","","","","","","","","","","","","","","","","","","","","",".5749",".6665",".7764","1.4734",".4917",".508",".2337",".3427",".3763",".2435",".5228",".4032",".5545",".5896",".6628",".6285",".8051",".4178",".3441",".2067",".3603",".3411",".8727",".4455",".4405",".6116",".3163",".7524",".3792",".5945",".4621",".2244",".3592",".4761",".5141",".5795",".8332",".4951",".8613",".4768",".8969",".5457",".1715",".1784",".0867",".405",".6789",".4583",".4524",".2865",".5401",".7823",".8562",".8369",".2394",".2365",".2278",".2288",".9347",".5217","1.0677",".5051",".6861",".5214",".4185",".4461",".2601",".212",".086",".2876",".7451",".4151",".424",".5284",".8907",".3802",".3329",".2185",".304",".1838",".2182",".26",".488","-",".7428",".24012",
"신북읍1","Fe","",".6202",".4828",".943",".5875",".647",".3854",".2508",".2157",".1922",".2675",".1956",".1999",".4475",".3183",".8828",".6114",".4424",".1222",".2269",".1102",".1832",".1994",".295",".3715",".374",".5743",".4029",".4128",".7129",".4658",".0656",".1802",".2054",".3565",".0777",".3547",".3537",".527",".7562",".6064",".3637",".3689",".1387",".2293",".2194",".1134",".5611",".7263",".4428",".4413",".5338",".6556",".6499",".3942",".2735",".1253",".2298",".1703",".6514",".32",".333",".3963",".2281",".5856",".2439",".4933",".1723",".1057",".2479",".2095",".2224",".3688",".6259",".3272",".6679",".2984",".7957",".4109",".0914",".09",".0437",".2532",".4175",".2999",".3511",".2808",".4341",".6276",".5481",".7579",".1428",".1592",".1147",".1474",".421",".3346",".4834",".3046",".4312",".3286",".3086",".2983",".1452",".0987",".2862",".1292",".1411",".1415",".2953",".3216",".7159",".2704",".2377",".0743",".1033",".1123",".0973",".1178",".3467",".2784",".4487",".33322",
"옥천동","Fe","",".524",".7615","1.5729",".7693",".8636",".5352",".436",".3769",".3044",".4448",".4841",".3385",".6429",".5533",".827","1.0864",".4437",".2507",".4997",".37",".3323",".3519",".6224",".5017",".4359",".8874",".4641",".4894",".7077",".5283",".1101",".2309",".3131",".7065",".1734",".7464","","","","","","","","","","","","","","","","","","","","","","","","","","","","","","","","","","","","","","","","","","","","","","","","","","","","","","","","","",".2659",".6505",".4492","1.4654","","","","","","","","","","","","","","","","","","","","","","","","","",
"은하수로","Fe","","",".7441","2.0325",".8693","1.0328",".689",".3925",".3672",".2981",".3653",".4988",".3521",".6808",".5638",".8271","1.0788",".779",".596",".5028",".5846",".4179",".2467",".5722",".526",".566",".7657",".7162",".5103",".7321",".57",".1182",".2328",".3341",".6029",".2174",".7933",".4932",".6522",".9366","1.1612",".4487",".5003",".2149",".3283",".333",".2501",".9594","1.3007",".536",".549",".6872",".4284","1.2331",".3023",".2979",".2451",".337",".2769",".8593",".3474",".4746",".6113",".2935",".7409",".4235",".4922",".253",".1986",".2981",".3932",".4386",".5077",".852",".4233",".8161",".421","1.0251",".5089",".1307",".1265",".2193",".2868",".5537",".377",".3831",".2518",".4725",".7472",".8014",".8092",".2207",".2123",".2135","","","","","","","","","","","","","","","","","","","","","","","","","","","","","",
"옥천동","Fe","","","","","","","","","","","","","","","","","","","","","","","","","","","","","","","","","","","","","","","","","","","","","","","","","","","","","","","","","","","","","","","","","","","","","","","","","","","","","","","","","","","","","","","","","","","","","","","","","","",".4872",".7122",".5596",".4266",".5246",".3879",".1947",".2764",".3542",".2564",".4109",".3992",".5952","1.2211",".3845",".3983",".2639",".2881",".2902",".2824",".267",".5923",".516",".74758",".57664",
"우산동","Fe","","","","","","","","",".4966",".996",".5473",".729",".5997",".7941",".631",".9887","1.3289","1.1426",".7718",".9218",".6887",".7451","1.2246","1.2557",".8071",".8512",".899","1.4553",".675",".7465","1.1825",".6853",".4293","1.3731","1.3832",".7492",".8228",".5605","","","","","","",".4716",".6163",".3142",".9942","1.0844",".5824",".6691",".9048","1.1087","1.3076",".3529",".366",".2257",".4146",".5474",".9102",".5806",".3117",".5585",".3448",".7626",".4319",".5587",".3524",".2374",".4129",".5531",".5827",".5535",".9584",".54",".8852",".5394",".9503",".5277",".1808",".1748",".2202",".5395",".4111",".5704",".5751",".3017",".6121",".9412",".492",".8597",".3038",".2845",".2628",".3015",".8394",".6292","1.0883",".6127",".6253",".5466",".4643",".4508",".2264",".2255",".3162",".2982",".2774",".5734",".515",".7832",".9059",".3873",".5066",".2535",".2405",".1726",".169",".3278",".5776",".4134",".72946",".49944",
"문막공단","Fe","","","","","","","","",".2479",".4256",".3737",".476",".4014",".7494","1.3109",".6423","1.025",".3866",".8176",".5407",".9933",".3894",".5966",".6154",".6177",".7122",".6699",".5531",".6363",".6821",".4892",".333",".1589","1.1232",".5762",".9784",".6531",".5262",".6915",".859",".8508",".8123",".461",".3829",".3185",".4964",".2926",".8102","1.1135",".5034",".6882",".6759",".6723","1.1996",".4675",".3141",".3726",".4329","","","",".3666",".4794",".4874",".8052",".5638",".4668",".2177",".3064",".2699",".4542",".6818",".4599",".8034",".4195",".7869",".4714",".8966",".6966",".8162",".3635",".2911",".5533",".6283",".7028",".4489",".3327",".5087",".7945",".8406",".7315",".3674",".2304",".2421",".4095",".5868",".5738","1.3177",".4037",".9137",".5896",".6316",".6329",".1628",".4819",".1315",".573",".2167",".6182",".5267",".6791",".9817","1.1154",".4549",".4767",".3176",".1438",".1657",".395",".6466",".6502",".88548",".7608",
"금호동","Fe","","","","","","","","","","","","","","","","","","","","","","","","","","","","","","","","","","","","","","","","","","","","","","","","","","","","","","","","","","","","","","","","","","","","","","","","","","","","","","","","","","","","","","","","","","","","","","",".2185",".6243",".3558","1.4066",".4524",".6736",".4933",".3003",".4126",".1954",".0782",".2284",".2524",".2151",".3426",".3137",".6027","1.1367",".303",".3575",".1024",".1738",".1488",".2533",".1988",".4368",".4249",".62358",".4663",
"송정동","Fe","",".7434",".5348","1.6785",".684",".7967",".7276",".2718",".4729",".3594",".4864",".6411",".476",".8845",".5405",".8332",".833",".5794",".2864",".399",".1454",".367",".3946",".8166",".5152",".4318",".6926",".6803",".6614",".8315",".6459",".2806",".2915",".2352",".573",".2918",".7042",".5146",".3112",".6596",".4155",".2704",".4556",".4703",".4391",".5298",".312",".365",".8045",".433",".5626",".594","1.145",".7918",".3467",".4062",".2695",".5286",".3576","1.1426",".4879",".3127",".6837",".4107",".8602",".433",".5733",".2559",".2854",".3349",".4684",".7659",".5698","1.0498","1.1313",".9138",".5834",".9962",".6593",".1873",".306",".1646",".465",".7458",".7646",".6137",".7915",".5737",".3388",".3388",".8513",".1302",".1275",".2395",".3774",".8421",".5317",".2841",".3374",".4648",".4388",".3535",".39",".1402",".1857",".1382",".1645",".1795",".6898",".4236",".4989",".707",".2923",".3755",".2316",".2001",".1255",".2212",".309",".7167",".3761",".61656","-",
"매포읍","Fe","",".5565",".41","1.3378",".6276",".6297",".6347",".2269",".3564",".2444",".4052",".3996",".2528",".5153",".392",".5095",".6281",".3453",".1434",".2658",".1114",".2007",".2108",".404",".4819",".6007",".5356",".6423",".393",".6967",".5069",".2674",".222",".1517",".4562",".2704",".4703",".4285",".3987",".3779",".3482",".2183",".3137",".2437",".2695",".3587",".1777",".3974",".5631",".2953",".4503",".4708",".8613",".5081",".2204",".2285",".1349",".2277",".1483",".7506",".3312",".3314",".6655",".2709",".6623",".2906",".166",".146",".1122",".2518",".2411",".3178",".5219",".6266",".719",".5637",".2762",".5086",".3363",".0898",".1307",".0748",".2071",".3344","","","",".4862",".2029",".2029",".7078",".26","",".1569",".2377",".559",".3727",".3671",".3572",".3551",".3781",".3066",".3131",".1979",".186",".2792",".1444",".1691",".3626",".3612",".5029",".8962",".2788",".4046",".1532",".1075",".0888",".1665",".1442",".4264",".3798",".48936",".5876",
"성황동","Fe","",".5252",".572",".6182",".9666",".9203",".6424",".2059",".3535","",".5914",".4014",".3674",".4258",".485",".4999",".6776","1.7104","","","","",".6453",".5344",".4759",".78","1.9672","1.2586","","","","","","","","",".5222",".3129",".3886",".9591",".575",".3513",".5385",".2964",".2213",".1079",".6427",".055",".5104",".3415",".489",".4548","","",".4685",".2602",".2874",".2659",".7953",".6643",".9964",".638",".7774",".388","1.2541",".5789",".3477",".2002",".337",".2334","1.4052",".7193",".8065","1.5368","1.3598","1.0953","1.4227","1.6034",".9879",".3718",".4615",".3906",".9101",".873",".8198",".7284",".9995","","","","1.1954",".5735",".3684",".3637",".5731","1.1735",".7798",".9901",".6905",".9622","1.3545",".9496",".7524",".243",".354",".6833",".426",".7171","1.1565",".672",".6494",".9128",".7623",".7777",".3838",".2706",".2138",".3443",".5057",".5723",".796",".90472",".83654",
"송산면","Fe","","","","","","","","","","","","","","","","","","","","","","","","","","","","","","","","","","","","","","","","","","","","","","","","","","","","","","","","","","","","","","","","","","","","","","","","","","3.3141","5.2185","5.3396","3.6999","7.2848","6.3407","1.5945","1.6717","1.861","2.7712","3.3627","4.8832","3.59","2.396","8.5478","4.4732","3.3155","5.2723","3.6669","1.4028","1.1655","","1.6795","1.4488","2.0058","2.3147","2.7462","4.4004","1.9436","2.257","1.7574",".737",".2385","2.1127","3.4765","1.2543","3.1579","1.2517","1.6282","2.0645","2.9819","2.0607",".8123",".3961","1.0842","1.2771",".7846","1.9335","2.2261","1.76896",
"독곶리","Fe","",".5093",".4062",".385",".7741",".5591",".6787",".0656",".2487",".1032",".468",".252",".3326",".3006",".3152",".3491",".4951",".7955",".3692",".5008",".4062",".4318",".4318",".5641",".3723",".4258","2.0045",".6047",".3714",".3308",".4259",".1257",".3267",".3538",".2652",".2435",".5049",".3368",".4382",".76",".4182",".299",".229",".2181",".1892",".1454",".4662",".4054",".5703",".3214",".253",".4133",".915",".6191",".3688",".1375",".3547",".6934",".5269",".3312",".4139",".5591",".5792",".2176",".8303",".4433",".2517",".0691",".1945",".4039",".4241",".4629",".4843",".9144",".8288",".9491",".6183","1.0521",".3348",".3144",".2966",".3254",".5009",".655",".5816",".2966",".6485",".7742",".7007","1.4848",".9862",".4223",".1363",".2809",".7509",".5994",".5152","1.1296",".5041",".6999",".7954",".6674",".3834",".2076",".3532",".3079","0.2892**",".3174",".7935",".5625",".3552",".666",".2798",".2831",".3224",".1963",".0724",".3817",".3583",".562",".4774",".926",".58882",
"배방읍","Fe","","","","","","","","","","","","","","","","","","","","","","","","","","","","","","","","","","","","","","","","","","","","","","","","","","","","","","","","","","","","","","","","","","","","","","","","","","","","","","","","","","","","","","","","","","","","","","","","","","","","","","","","","",".154",".4375",".2825","1.0385",".6224",".3277",".7243",".4734",".5689",".3798",".1706",".2235",".4342",".4406",".8004",".6249",".95472","1.14704",
"보령시","Fe","","","","","","","","","","","","","","","","","","","","","","","","","","","","","","","","","","","","","","","","","","","","","","","","","","","","","","","","","","","","","","","","","","","","","","","","","","","","","","","","","","","","","","","","","","","","","","","","","","1.0266",".3481",".5276",".8439",".616",".3366",".1619",".2238",".1075",".2207",".4482",".5071",".2905",".7462",".4819",".3184",".4098",".2446",".327",".0567",".3246",".2844",".4234",".4098",".59276",".67206",
"삼천동","Fe","","","","","","","","",".1911",".1297",".1807",".1945",".1328",".1856",".1696",".1508",".2484",".2752",".1822",".1254",".059",".1579",".1697",".1665",".1434",".1682",".1176",".3033",".2644",".3612",".2734",".0832",".0574",".1149",".234",".097",".1999",".1868",".0873",".3075","1.2361",".1609",".2128",".0664",".1313",".1033",".0744",".0958",".0889",".1154",".1316",".214","",".7946",".1761",".0325",".3428",".1002",".0852",".2487",".0124",".3345",".3389",".7973","",".7925",".2974",".0574",".0862",".109",".1523",".1155",".3057",".2826",".8576",".2959",".4898",".631",".3262",".162",".1532",".0681",".238",".4316",".265",".1906",".2135",".4191",".3839",".2499",".3424",".0928",".0688",".1206",".1863",".2772",".3239",".245",".2376",".2839",".678",".6385",".1677",".0652",".1019",".103",".1245",".3699",".2912",".2869",".3104",".5218",".2555",".4195",".1798",".0955",".0886",".1192",".1529",".3347",".2948",".29482",".26116",
"팔봉동","Fe","","","","","","","","","","","","","","","","","","","","","","","","","","","","","","","","","","","","","","","","","","","","","","","","","","","","","","","","","","","","","","","","","","","","","","","","","","","","","","","","","","","","","","","","","","","","","","","","","","","","","","","","","","","","","","","","","","","","","","","","","",".48368",".38164",
"여천동","Fe","","","","","","","","","","","","","","","","","","","","","","","","","","","","","","","","","","","","","",".3742",".4245",".3395","1.0156","1.3518",".2341",".1896",".3323",".4535",".7537",".37",".4153",".1942",".2692",".1828",".4843","",".1693",".1117",".0767",".2131",".146",".2934",".2122",".417",".3031",".3598",".4872",".4872",".3643",".3643",".1086",".1163",".3157",".4034",".5328",".2972",".5545",".35",".4907",".4413",".2211",".1884",".2764",".1292",".5113",".3267",".3851",".2361",".2572",".3213",".3571",".66",".3644",".0749",".0495",".1945",".1783",".2469",".2466",".3448",".2941","-","-","-","-",".0875",".1111",".0915",".1112",".0616",".3285",".0566","1.0706",".8428",".2656",".5119",".1957",".1385",".0756",".3094",".3814",".978",".6798",".90626","1.25804",
"쌍봉동","Fe","","","","","","","","","","","","","","","","","","","","","","","","","","","","","","","","","","","","","",".3704",".3769",".3212",".9871","1.4038",".195",".1346",".1906",".5333",".7007",".4167",".3784",".1566",".2789",".2117",".4621","",".1759",".1149",".0763",".2474",".1675",".2378",".2054",".5876",".2731",".3424",".4009",".1402",".2142",".0638",".0866",".1047",".1986",".3628",".5432",".322",".5602",".4251",".4338",".4201",".1793",".1922",".2124",".1165",".4103",".3046",".3123",".2392",".2024",".2914",".3074",".5456",".2906",".0424",".0288",".1698",".162",".2133",".2074",".3135",".2754",".2061",".3795",".1004",".1407",".0716",".1853",".1505",".088",".0501",".1971",".0671",".7125",".8119",".2379",".3618",".1514",".1143",".0652",".2114",".2607",".7565",".793",".7205","1.0368",
"묘도동","Fe","","","","","","","","","","","","","","","","","","","","","","","","","","","","","","","","","","","","","","","","","","","","","","","","","","","","","","","","","","","","","","","","","","","","","","","","","","","","","","","","","","","","","","","","","","","","","","","","","","","","","","","","","","",".8135",".2139",".7887",".9248","3.2398","2.5974",".2987",".7332",".4999",".2681",".1754","1.0706","1.4585","2.0898","1.1493","1.42314","3.6285",
"율촌면","Fe","","","","","","","","","","","","","","","","","","","","","","","","","","","","","","","","","","","","","",".3237",".421",".3906","1.0279","1.4973",".3591",".311",".4624",".4172",".7488",".3943",".4574",".2524",".1843",".197",".4482","",".2565",".1629",".1483",".2385",".1599",".3388",".266",".6408",".5669",".3903",".4646",".1744",".2422",".1109",".1637",".1272",".2713",".3066",".5817",".4442",".4956",".5098",".4726",".4123",".2026",".2063",".1725",".0793",".3761",".329",".4685",".2032",".2574",".3556",".3653",".6577",".4328",".1082",".0768",".2007",".2355",".182",".2304",".3529",".2685",".2447",".3935",".2018",".2743",".1204",".2334",".1758",".108",".0909",".4218",".0353",".7544","1.0469","1.4291","1.8359",".2686",".2019",".1267",".4798",".4698","1.1311",".7142",".94134","1.20602",
"중동","Fe","","","","","","","","","","","","","","","","","","","","","","","","","","","","","","","","","","","","","","","","","","","","","","","","","","","","","","","","","","","","","","","","","","","","","","","","","","","","","","","","","","","","","","","","","","","","","","","","","","","","","","","","","","","",".0531","","","","","","","","","","","","","","","",
"중동","Fe","","","","","","","","","","","","","","","","","","","","","","","","","","","","","","","","","","","","","","","","","","","","","","","","","","","","","","","","","","","","","","","","","","","","","","","","","","","","","","","","","","","","","","","","","","","","","","","","","","","","","","","","","","",".1283","",".2454",".0245",".9588","1.9386",".4352",".88",".2336",".3921",".1808",".5628",".2506","1.3352",".421","1.01344",".87846",
"신대리","Fe","","","","","","","","","","","","","","","","","","","","","","","","","","","","","","","","","","","","","","","","","","","","","","","","","","","","","","","","","","","","","","","","","","","","","","","","","","","","","","","","","","","","","","","","","","","","","","","","","","","","","","","","","","","","","",".4159",".6973","1.0939",".6927",".6727",".3267",".2509",".0945",".3473",".2514",".9281",".5441",".99134",".94446",
"대불","Fe","","","","","","","","","","","","","","","","","","","","","","","","","","","","","","","","","","","","","","","","","","","","","","","","","","","","","","","","","","","","","","","","","","","","","","","","","","","","","","","","","","","","","","","","","","","","","","","","","","",".4228","1.286","1.5103",".6786",".3119",".2392",".3061",".5833",".4496",".9836","1.5448","1.4343","3.6244","2.6799","2.0694","2.692",".4777",".6973",".4387","1.4225","2.3325","3.7679","3.9695","4.23424","3.80946",
"장흥동","Fe","","","","","","","","","4.7334","3.665","1.9096","3.9291","3.1031","5.2985","2.558","2.3494","2.2926","2.1309","1.4827","1.4115",".6544",".9077","1.8938","1.8454","2.1277","1.6117","1.9864","","1.0143","1.9546","1.3372",".8288","1.0075","1.0537",".7252",".403",".2513",".129",".2029",".259",".302",".6781",".4518",".4576","1.0508",".7523",".4668",".8935",".6824",".5296",".722",".7921",".826","1.0219",".6767",".7099",".9135",".7224","1.0313","1.6952","1.3386","1.0214",".578",".5526","1.4216",".7813","1.2696",".7985",".6141",".8855","",".9921",".8093",".7749","1.0288","1.069","1.1352","1.7201","1.6509",".9325","1.2334","1.3919","1.5765",".9835","1.5637",".6376",".6829",".8546","1.5465","1.4157","1.6475",".6719",".9988","1.3097","1.1422","1.2901",".654","1.6034",".7429","1.2279","1.2","1.1337",".8431",".5402",".7351",".5248",".7534",".5308",".8679",".7696",".8382","1.0866","1.666","1.2999",".8379",".8285",".937","1.0692",".7604","1.4902","1.0961","1.23488",".95356",
"장량동","Fe","","","","","","","","","","","","","","","","","","","","","","","","","","","","","","","","","","","","","",".0614",".0738",".0937",".152","",".2442",".1582",".4488",".2719",".3878",".416",".3664",".2643",".375",".3512",".3415","",".4225",".2984","",".2562",".1538",".5984",".468",".3108",".0987","",".5114",".2578",".627",".3931","",".2449",".2192",".2057",".2969",".304",".8749",".4037",".2559",".5462",".5719",".1126",".178",".1093",".2733",".3149",".3705",".1471",".1979",".459",".3455",".1378",".6711",".2263",".2157",".2025",".3323",".4955",".2653",".6287",".3618",".4487",".3347",".2716",".4436",".7503",".6377",".2777","2.25","0.3958**",".2631",".4958","1.9251",".7699",".3261",".2558",".1935",".1797",".1903",".2474",".1118",".421",".2819",".495",".16364",
"죽도동","Fe","","","","","","","","",".412",".681",".3069",".4542",".2024",".353",".3187",".4684",".6899",".5455",".1682",".25",".1125",".1554",".1843",".3418",".2047",".2066",".3133",".3119",".1486",".3105",".2998",".0599",".2657",".1616",".1886",".0443",".0334","","","","","","","","","","","","","","","","",".6988","","","","","","","","","","","","","","","","","","","","","","","","","","","","","","","","","","","","","","","","","","","","","","","","","","","","","","","","","","","","","","","","","","","","","",
"대송면","Fe","",".3479",".1183",".6866",".1782",".4626",".6427",".0921",".1154",".3838",".3136",".3045",".1196",".2587",".509",".3762",".5862",".3847",".3461",".3551",".4616",".2073",".4242",".3238",".1949",".1457",".2372",".2698",".3655",".2649",".41",".1974",".2414",".2056",".1436",".0894",".3557",".0775",".0532",".1119",".1198",".3442",".2595",".2942",".4702",".4244","1.0995",".4267",".3847",".2169",".3285",".2804",".28",".595",".4157",".491",".3953",".3087",".5237",".6453",".5945",".4276",".2418",".3189",".7221",".4283",".6545",".783",".4776",".3598",".3865",".4279",".3472",".3659",".7757",".4848",".5959",".7484",".8366",".6338",".5172",".5433",".7982",".5927",".5161",".5584",".2773",".3302",".6425",".581",".9536",".5508",".1548",".544",".6314",".9246",".3708",".9103",".3295",".5476",".7402","1.0855",".8078",".4394",".5338",".3463",".4382",".0777","1.5383",".8811",".2665",".3183",".9075",".59",".4614",".5548",".1941","-",".3524","-",".5798",".85952",".64778",
"3공단","Fe","","","","","","","","","1.3654","2.7359","1.7055","3.0407","1.1858","1.6791","1.0886","1.6434","1.7245","1.9894","1.3811",".7135",".3529",".8751","2.0643","1.5287",".6163",".4109",".9567",".8907",".7397",".6768","1.0742",".3506",".607",".6891",".6801",".2004",".0822",".2003",".2174",".3354",".4448",".7945",".6881",".5408","1.4482","1.6454",".7099","2.2673","2.2517","1.4843","1.9013",".8716","1.2165","1.9608","1.6436","1.2576",".7681","1.5993","1.7599","2.8483","3.8646","2.8776","1.24","1.24","2.3128",".8759","1.1733","1.3497",".4904","1.556","1.4804","1.5137","1.6106","1.9908","1.7639","1.7537","1.6076","1.8036","1.6965",".7307","1.0708",".7298","1.6839","1.3111*","","1.4488","1.3215","1.8077","1.3702",".8152","1.6643",".6332",".6267","1.1586","2.0402","2.419","1.4649","2.5909","1.1846","1.6426","2.1128","1.4499","1.4517",".9242",".9845","1.1109","1.1382","1.1988","1.9414","2.024","2.1352","2.2359","1.4111","1.1622",".9424","1.1325",".872","1.0764","1.7982","2.8823","2.5777","2.98854","1.18874",
"4공단","Fe","","","","","","","","","","","","","","","","","","","","","","","","","","","","","","","","","","","","","","","","","","","","","","","","","","","","","","","","","","","","","","","","","","","","","","","","","","","","","","","","","","","","","","","","","","","","","","","","","","","",".2933",".2874",".2519",".376",".0649",".0943",".179",".1071",".0865",".256",".294",".3226",".5778",".2006",".2443",".17",".1473",".1266",".1368",".1248",".4535",".6196",".46602",".27738",
"석포면","Fe","","","","","","","","","","","","","","","","","","","","","","","","","","","","","","","","","","","","","","","","","","","","","","","","","","","","","","","","","","","","","","","","","","","","","","","","","","","","","","","","","","",".0909",".1756",".165",".1087",".143",".2647",".1939",".8855",".3162",".0301",".0421",".1275",".1475",".1933",".1419",".6002",".2021",".1829",".2628",".1529",".2624",".0591",".0516",".0417",".0729",".1213",".0868",".222","-",".2208",".23",".1497",".0502","0.0142**",".0519",".0991",".1011",".2393",".2271",".2737",".1572",
"명서동","Fe","",".5974",".6064","3.2714",".8392","1.4677",".8518",".3535",".7851",".5767",".5131","1.0268",".5871",".6398",".1439",".6665","1.1452","1.241",".6123",".6834",".7728",".5983",".506",".7892",".3272",".3838",".6159",".4685",".3358",".8517",".6257",".1892",".2195",".2458",".7293",".118",".671",".5586",".4836",".6273",".8389",".9258",".9783",".498",".4515",".1206",".921",".6463",".982",".3474",".4137",".4704",".6432","1.1442",".5369",".4866",".1037",".3523",".1719",".7735",".2982",".3055",".4059",".4635",".9228",".3105",".2864",".4103",".4006",".1969",".4652",".5128",".3273",".5843",".4495",".6741",".3273","2.9976",".1255",".1488",".1886",".2032",".3694",".5435",".4623",".31",".6746",".3776",".5544",".8677",".5241",".4468",".1166",".305",".4912",".5807",".4429",".8865",".5833",".4029",".3799","-",".2969",".2582",".145",".19","-","-","-",".2823",".3955",".4266",".3733",".4222",".2066",".2808",".2155",".2217",".2395",".9351",".6608",".49592",".39349",
"봉암동","Fe","","1.1353","1.1121","3.6349","1.1607","1.5683","1.0343",".9277","1.0847",".9367",".7652","1.1812",".8794",".7807",".443","1.0223","1.5516","1.4383",".9035","1.0693","1.221",".8172",".6503",".8903",".7022",".7788",".7273",".7666",".5175","1.2211",".99",".38",".4026",".4466","1.0414",".3183","1.0351",".7573",".7595",".9485","1.2823",".9764","1.2139",".8946",".6781",".2122",".4663",".7055","1.042",".4526",".5059",".5462",".7921","1.3785",".6672",".6607",".2112",".4224",".2792","1.0467",".4335",".447",".5528",".7739","1.0723",".5169",".4128",".589",".713",".3036",".5953",".6485",".403",".4856",".613",".9461",".5454","3.4863",".2781",".2493",".3426",".306",".4684","",".7192",".3743",".8137",".5107",".6443",".9707",".7594",".9319",".3587","","",".5331",".4817","1.1448",".4664",".4566",".5826",".3326",".9471",".5777",".1877",".4558",".2341",".2225",".4697",".383",".4322",".7578",".4959",".6089",".2508","-",".4179",".3517",".3351","1.1716",".5922",".84314","-",
"하동읍","Fe","",".4806",".3792","1.5902",".7265",".6183",".2604",".1765",".5054",".3291",".2574",".4367",".2981",".3136",".0893",".219",".8346",".7985",".2858",".1977",".3129",".3123",".1936",".3346",".1588",".1975",".3041",".3093",".2254",".6674",".3376",".1349",".182",".1483",".3493",".0759",".2321",".2306",".3163",".491",".6844",".4689",".4497",".2379",".3178",".1027",".3178",".2912",".3691",".1883",".2185",".3516",".5906",".7655",".3598",".3088",".1061",".1318",".0992",".417",".1856",".1944",".1918",".3786",".7715",".318",".2379",".1793",".2082",".0923",".2363",".2578",".1693",".2144",".3318",".4048",".1534","2.4229",".1717",".053",".1756",".0314","",".3666","","",".1985",".2455",".5403",".743",".3121",".1933",".0975",".1622",".2758",".2731",".2",".2558","",".2415",".324",".7816",".3787",".0506",".105",".0979",".0733",".0841",".1656",".2162",".2789",".4592",".3123",".2748",".0902",".1068",".0708","-",".0973",".5493",".2805","-",".19404",
"아주동","Fe","","","","","","","","","","","","","","","","","","","","","","","","","","","","","","","","","","","","","","","","","","","","","","","","","","","","","","","","","","","","","","","","","","","","","","","","","","","","","","","","","","","","","","","","","","","","","","","","","","1.0395",".3527",".5508",".5696",".6791",".6125",".3612",".162",".2608",".4571",".11","-",".2902","-","-",".7738",".8493",".322",".328",".2289",".3015",".5861",".9999",".5221",".76464",".85761",
"덕천동","Fe","","1.3359","1.2481","1.091","1.7114","1.4395",".7124",".7503","","","","","","","","","","","","","","","","","","","","","","","","","","","","","","","","","","","","","","","","","","","","","","","","","","","","","","","","","","","","","","","","","","","","","","","","","","","","","","","","","","","","","","","","","","","","","","","","","","","","","","","","","","","","","","","","","","","",
"광안동","Fe","",".8087",".7807","1.5393","1.3881",".7604",".4712",".3879","","","","","","","","","","","","","","","","","","","","","","","","","","","","","","","","","","","","","","","","","","","","","","","","","","","","","","","","","","","","","","","","","","","","","","","","","","","","","","","","","","","","","","","","","","","","","","","","","","","","","","","","","","","","","","","","","","","",
"농성동","Fe","",".3715",".4028","","","","","","","","","","","","","","","","","","","","","","","","","","","","","","","","","","","","","","","","","","","","","","","","","","","","","","","","","","","","","","","","","","","","","","","","","","","","","","","","","","","","","","","","","","","","","","","","","","","","","","","","","","","","","","","","","","","","","","","","",
"두암동","Fe","",".419",".3998","1.4946",".736",".4161",".4614",".0775",".5058","","","","","","","","","","","","","","","","","","","","","","","","","","","","","","","","","","","","","","","","","","","","","","","","","","","","","","","","","","","","","","","","","","","","","","","","","","","","","","","","","","","","","","","","","","","","","","","","","","","","","","","","","","","","","","","","","","",
"건국동","Fe","",".4618",".3588","","","","","","","","","","","","","","","","","","","","","","","","","","","","","","","","","","","","","","","","","","","","","","","","","","","","","","","","","","","","","","","","","","","","","","","","","","","","","","","","","","","","","","","","","","","","","","","","","","","","","","","","","","","","","","","","","","","","","","","","",
"서동","Fe","",".3749",".4652","2.073",".8471",".514",".524",".0624",".5586","","","","","","","","","","","","","","","","","","","","","","","","","","","","","","","","","","","","","","","","","","","","","","","","","","","","","","","","","","","","","","","","","","","","","","","","","","","","","","","","","","","","","","","","","","","","","","","","","","","","","","","","","","","","","","","","","","",
"읍내동","Fe","","2.4925","4.9045","6.1838","3.3408","2.432","1.8443",".6345","1.0828","1.108","","","","","","","","","","","","","","","","","","","","","","","","","","","","","","","","","","","","","","","","","","","","","","","","","","","","","","","","","","","","","","","","","","","","","","","","","","","","","","","","","","","","","","","","","","","","","","","","","","","","","","","","","","","","","","","","","",
"문창동","Fe","",".9972","1.1757","2.8024","1.3599","1.1114","1.1969",".1781",".5942",".6768","","","","","","","","","","","","","","","","","","","","","","","","","","","","","","","","","","","","","","","","","","","","","","","","","","","","","","","","","","","","","","","","","","","","","","","","","","","","","","","","","","","","","","","","","","","","","","","","","","","","","","","","","","","","","","","","","",
"구성동","Fe","",".9438",".8915","2.6714","1.1473",".9807","1.0279",".1867",".6468",".4784","","","","","","","","","","","","","","","","","","","","","","","","","","","","","","","","","","","","","","","","","","","","","","","","","","","","","","","","","","","","","","","","","","","","","","","","","","","","","","","","","","","","","","","","","","","","","","","","","","","","","","","","","","","","","","","","","",
"정림동","Fe","",".5571","1.087","3.0671","1.3981","1.1023",".9557",".1622",".6243",".503","","","","","","","","","","","","","","","","","","","","","","","","","","","","","","","","","","","","","","","","","","","","","","","","","","","","","","","","","","","","","","","","","","","","","","","","","","","","","","","","","","","","","","","","","","","","","","","","","","","","","","","","","","","","","","","","","",
"신풍동","Fe","","1.3173","","","","","","","","","","","","","","","","","","","","","","","","","","","","","","","","","","","","","","","","","","","","","","","","","","","","","","","","","","","","","","","","","","","","","","","","","","","","","","","","","","","","","","","","","","","","","","","","","","","","","","","","","","","","","","","","","","","","","","","","","",
"상대원1동","Fe","","1.2604","","","","","","","","","","","","","","","","","","","","","","","","","","","","","","","","","","","","","","","","","","","","","","","","","","","","","","","","","","","","","","","","","","","","","","","","","","","","","","","","","","","","","","","","","","","","","","","","","","","","","","","","","","","","","","","","","","","","","","","","","",
"원시동","Fe","","2.5823","","","","","","","","","","","","","","","","","","","","","","","","","","","","","","","","","","","","","","","","","","","","","","","","","","","","","","","","","","","","","","","","","","","","","","","","","","","","","","","","","","","","","","","","","","","","","","","","","","","","","","","","","","","","","","","","","","","","","","","","","",
"고천동","Fe","","1.6116","","","","","","","","","","","","","","","","","","","","","","","","","","","","","","","","","","","","","","","","","","","","","","","","","","","","","","","","","","","","","","","","","","","","","","","","","","","","","","","","","","","","","","","","","","","","","","","","","","","","","","","","","","","","","","","","","","","","","","","","","",
"은하수로","Fe","",".8543","","","","","","","","","","","","","","","","","","","","","","","","","","","","","","","","","","","","","","","","","","","","","","","","","","","","","","","","","","","","","","","","","","","","","","","","","","","","","","","","","","","","","","","","","","","","","","","","","","","","","","","","","","","","","","","","","","","","","","","","","",
"우산동","Fe","","1.5368","1.6409","4.4665","2.0015","1.9073","1.65","","","","","","","","","","","","","","","","","","","","","","","","","","","","","","","","","","","","","","","","","","","","","","","","","","","","","","","","","","","","","","","","","","","","","","","","","","","","","","","","","","","","","","","","","","","","","","","","","","","","","","","","","","","","","","","","","","","","",
"문막공단","Fe","","1.1623","1.4878","2.1504","1.3673","1.2831","1.0964",".4878","","","","","","","","","","","","","","","","","","","","","","","","","","","","","","","","","","","","","","","","","","","","","","","","","","","","","","","","","","","","","","","","","","","","","","","","","","","","","","","","","","","","","","","","","","","","","","","","","","","","","","","","","","","","","","","","","","","",
"삼천동","Fe","",".7917",".9351",".6389","1.1922",".8199",".9811",".2874","","","","","","","","","","","","","","","","","","","","","","","","","","","","","","","","","","","","","","","","","","","","","","","","","","","","","","","","","","","","","","","","","","","","","","","","","","","","","","","","","","","","","","","","","","","","","","","","","","","","","","","","","","","","","","","","","","","",
"주삼동","Fe","",".8167",".3525","2.3311",".9891",".4461",".2596",".2202",".1874",".6734",".6734",".8622",".6712",".9072",".6575",".5404",".8764",".5847",".343",".6859",".6251",".5874",".9324","1.1657",".3435","","","","","","","","","","","","","","","","","","","","","","","","","","","","","","","","","","","","","","","","","","","","","","","","","","","","","","","","","","","","","","","","","","","","","","","","","","","","","","","","","","","","","","","","","","","","","","","","","","",
"여천동","Fe","","","","","","","","","","","","","","","","","","","","","","","","","",".4295",".9024",".8868",".4835",".7773",".5956",".5794",".428",".5094","1.0292",".5418","1.0955","","","","","","","","","","","","","","","","","","","","","","","","","","","","","","","","","","","","","","","","","","","","","","","","","","","","","","","","","","","","","","","","","","","","","","","","","","","","","","","","","","","","","","",
"쌍봉동","Fe","",".7275",".3023","1.3904",".7732",".4661",".2298","","","","","","","","","","","",".5803",".5495",".4698",".591",".993","1.241",".4078",".557","1.0535",".9891",".542",".8271",".6421",".5356",".3979",".4709","1.0773",".603","1.134","","","","","","","","","","","","","","","","","","","","","","","","","","","","","","","","","","","","","","","","","","","","","","","","","","","","","","","","","","","","","","","","","","","","","","","","","","","","","","","","","","","","","","",
"장흥동","Fe","","4.7265","3.0475","8.5457","4.1265","3.8246","4.9105","1.8795","","","","","","","","","","","","","","","","","","","","","","","","","","","","","","","","","","","","","","","","","","","","","","","","","","","","","","","","","","","","","","","","","","","","","","","","","","","","","","","","","","","","","","","","","","","","","","","","","","","","","","","","","","","","","","","","","","","",
"죽도동","Fe","",".4003",".3976","1.5245",".6004",".8239",".7902",".1595","","","","","","","","","","","","","","","","","","","","","","","","","","","","","","","","","","","","","","","","","","","","","","","","","","","","","","","","","","","","","","","","","","","","","","","","","","","","","","","","","","","","","","","","","","","","","","","","","","","","","","","","","","","","","","","","","","","",
"3공단","Fe","","1.5009",".8156","2.9829","1.2441","1.1474","1.1689",".4214","","","","","","","","","","","","","","","","","","","","","","","","","","","","","","","","","","","","","","","","","","","","","","","","","","","","","","","","","","","","","","","","","","","","","","","","","","","","","","","","","","","","","","","","","","","","","","","","","","","","","","","","","","","","","","","","","","","",
